Order_ID,Order_Date,Customer,Product,Category,Quantity,Unit_Price,Total_Sales,Region,Payment_Mode,,,,
ORD0001,05-01-2025,Sharma General Store,Parle-G Biscuits,Biscuits,20,10,200,North,UPI,,,,
ORD0002,08-01-2025,Gupta Provision Store,Maggi Noodles,Instant Food,15,15,225,North,Cash,,,,
ORD0003,12-01-2025,Krishna Traders,Pepsi 750ml,Beverages,12,40,480,West,UPI,,,,
ORD0004,18-01-2025,Agarwal Mart,Tata Salt 1kg,Grocery,10,28,280,North,Credit,,,,
ORD0005,24-01-2025,City Supermarket,Aashirvaad Atta 5kg,Grocery,8,280,2240,West,UPI,,,,
ORD0006,03-02-2025,Jai Mata Di Store,Good Day Biscuits,Biscuits,18,30,540,North,Cash,,,,
ORD0007,09-02-2025,Om Retailers,Fortune Oil 1L,Grocery,10,150,1500,South,UPI,,,,
ORD0008,14-02-2025,Radha Krishna Traders,Surf Excel 1kg,Home Care,7,140,980,North,Credit,,,,
ORD0009,21-02-2025,Ganesh General Store,Colgate 200g,Personal Care,12,110,1320,West,UPI,,,,
ORD0010,02-03-2025,Friends Mart,Coca-Cola 750ml,Beverages,20,40,800,North,Cash,,,,
ORD0011,07-03-2025,Maa Vaishno Store,Lux Soap 100g,Personal Care,25,38,950,North,UPI,,,,
ORD0012,15-03-2025,Balaji Traders,Dettol Handwash 250ml,Personal Care,10,95,950,East,Credit,,,,
ORD0013,22-03-2025,Modern Provision Store,Britannia Bread,Bakery,20,45,900,West,UPI,,,,
ORD0014,04-04-2025,Khandelwal Store,Kissan Ketchup 500g,Grocery,8,130,1040,North,Cash,,,,
ORD0015,11-04-2025,Sai General Store,Thums Up 750ml,Beverages,18,40,720,South,UPI,,,,
ORD0016,19-04-2025,Goyal Mart,Parle-G Biscuits,Biscuits,30,10,300,North,Credit,,,,
ORD0017,03-05-2025,Brij Retailers,Maggi Noodles,Instant Food,22,15,330,West,UPI,,,,
ORD0018,09-05-2025,Aman Store,Aashirvaad Atta 5kg,Grocery,10,280,2800,North,Cash,,,,
ORD0019,17-05-2025,Sharma General Store,Pepsi 750ml,Beverages,15,40,600,North,UPI,,,,
ORD0020,25-05-2025,Gupta Provision Store,Surf Excel 1kg,Home Care,12,140,1680,East,Credit,,,,
ORD0021,02-06-2025,Krishna Traders,Fortune Oil 1L,Grocery,15,150,2250,West,UPI,,,,
ORD0022,10-06-2025,Agarwal Mart,Good Day Biscuits,Biscuits,20,30,600,North,Cash,,,,
ORD0023,18-06-2025,City Supermarket,Colgate 200g,Personal Care,15,110,1650,North,UPI,,,,
ORD0024,26-06-2025,Jai Mata Di Store,Coca-Cola 750ml,Beverages,25,40,1000,South,Credit,,,,
ORD0025,04-07-2025,Om Retailers,Tata Salt 1kg,Grocery,20,28,560,North,UPI,,,,
ORD0026,12-07-2025,Radha Krishna Traders,Aashirvaad Atta 5kg,Grocery,12,280,3360,West,Cash,,,,
ORD0027,20-07-2025,Ganesh General Store,Maggi Noodles,Instant Food,25,15,375,North,UPI,,,,
ORD0028,01-08-2025,Friends Mart,Dettol Handwash 250ml,Personal Care,15,95,1425,East,Credit,,,,
ORD0029,09-08-2025,Maa Vaishno Store,Britannia Bread,Bakery,25,45,1125,North,UPI,,,,
ORD0030,17-08-2025,Balaji Traders,Kissan Ketchup 500g,Grocery,12,130,1560,West,Cash,,,,
ORD0031,03-09-2025,Modern Provision Store,Thums Up 750ml,Beverages,20,40,800,North,UPI,,,,
ORD0032,11-09-2025,Khandelwal Store,Parle-G Biscuits,Biscuits,35,10,350,South,Credit,,,,
ORD0033,19-09-2025,Sai General Store,Fortune Oil 1L,Grocery,12,150,1800,North,UPI,,,,
ORD0034,05-10-2025,Goyal Mart,Surf Excel 1kg,Home Care,15,140,2100,West,Cash,,,,
ORD0035,13-10-2025,Brij Retailers,Colgate 200g,Personal Care,18,110,1980,North,UPI,,,,
ORD0036,21-10-2025,Aman Store,Pepsi 750ml,Beverages,25,40,1000,East,Credit,,,,
ORD0037,02-11-2025,Sharma General Store,Aashirvaad Atta 5kg,Grocery,15,280,4200,North,UPI,,,,
ORD0038,10-11-2025,Gupta Provision Store,Lux Soap 100g,Personal Care,30,38,1140,West,Cash,,,,
ORD0039,18-11-2025,Krishna Traders,Good Day Biscuits,Biscuits,25,30,750,North,UPI,,,,
ORD0040,26-11-2025,Agarwal Mart,Coca-Cola 750ml,Beverages,30,40,1200,South,Credit,,,,
ORD0041,03-12-2025,City Supermarket,Fortune Oil 1L,Grocery,18,150,2700,North,UPI,,,,
ORD0042,11-12-2025,Jai Mata Di Store,Maggi Noodles,Instant Food,30,15,450,West,Cash,,,,
ORD0043,19-12-2025,Om Retailers,Kissan Ketchup 500g,Grocery,15,130,1950,North,UPI,,,,
ORD0044,27-12-2025,Radha Krishna Traders,Dettol Handwash 250ml,Personal Care,20,95,1900,East,Credit,,,,
